"V1","V2","V3","V4","V5","V6","V7","V8","V9","V10","V11","V12","V13","V14","V15"
0.160005421064159,0.0560030543824688,0.233987056776225,-0.264448392135051,-0.320224165557187,-0.286376963196824,-0.295266580015799,-0.755286236723842,0.870381473669239,0.929089041484568,0.437852185474513,0.55685234751604,0.0575066928114225,-0.423055136508101,15.6021509901142
0.205338996017259,0.383322998411016,-0.115112450500261,-0.170888223922397,-0.137041021562034,-0.145930638381008,-0.605950295089052,1.01971741530403,1.07842498311936,0.587188127109304,0.70618828915083,0.206842634446213,-0.27371919487331,0.14933594163479,15.4528150484794
0.814701983894963,0.316266534983686,0.260490761561551,0.294337963921913,0.285448347102939,-0.174571309605104,1.45109640078798,1.50980396860331,1.01856711259325,1.13756727463478,0.63822161993016,0.157659790610637,0.580714927118738,0.431378985483947,15.0214360629954
0.586815120007589,0.531039346585453,0.564886548945816,0.555996932126842,0.0959772754187984,1.72164498581188,1.78035255362721,1.28911569761715,1.40811585965868,0.908770204954063,0.42820837563454,0.851263512142641,0.70192757050785,0.270548585023903,14.7508874779715
0.65416402029393,0.688011222654293,0.679121605835318,0.219101949127275,1.84476965952036,1.90347722733569,1.41224037132563,1.53124053336716,1.03189487866254,0.551333049343016,0.974388185851117,0.825052244216327,0.393673258732379,0.123124673708476,14.6277628042631
0.57528076330245,0.566391146483475,0.106371489775432,1.73203920016851,1.79074676798384,1.29950991197379,1.41851007401531,0.919164419310697,0.438602589991174,0.861657726499274,0.712321784864484,0.280942799380536,0.0103942143566336,-0.112730459351843,14.7404932636149
-0.665711228619616,-1.12573088532766,0.499936825065422,0.558644392880751,0.0674075368706966,0.186407698912223,-0.312937955792394,-0.793499785111917,-0.370444648603817,-0.519780590238607,-0.951159575722555,-1.22170816074646,-1.34483283445493,-1.23210237510309,15.972595638718
-0.800563770311806,0.825103940081275,0.883811507896604,0.39257465188655,0.511574813928076,0.0122291592234589,-0.468332670096064,-0.0452775335879636,-0.194613475222754,-0.625992460706701,-0.896541045730604,-1.01966571943908,-0.906935260087238,0.325167115015853,15.6474285237021
0.728514174120672,0.787221741936001,0.295984885925947,0.414985047967473,-0.0843606067371443,-0.564922436056667,-0.141867299548567,-0.291203241183357,-0.722582226667305,-0.993130811691207,-1.11625548539968,-1.00352502604784,0.22857734905525,-0.0965897659606032,15.7440182896627
0.794958480436831,0.303721624426776,0.422721786468303,-0.0766238682363145,-0.557185697555838,-0.134130561047737,-0.283466502682527,-0.714845488166475,-0.985394073190378,-1.10851874689885,-0.995788287547011,0.23631408755608,-0.0888530274597734,0.00773673850082979,15.7362815511619
0.604472261546139,0.723472423587666,0.224126768883048,-0.256435060436475,0.166620076071625,0.0172841344368351,-0.414094851047112,-0.684643436071015,-0.807768109779492,-0.695037650427649,0.537064724675442,0.211897609659589,0.308487375620192,0.300750637119362,15.4355309140425
1.05886698003768,0.559521325333064,0.0789594960135407,0.502014632521641,0.352678690886851,-0.0787002945970965,-0.349248879620999,-0.472373553329476,-0.359643093977633,0.872459281125458,0.547292166109605,0.643881932070208,0.636145193569378,0.335394556450016,15.1001363575925
0.616291610756013,0.13572978143649,0.558784917944591,0.4094489763098,-0.021930009174147,-0.29247859419805,-0.415603267906526,-0.302872808554683,0.929229566548408,0.604062451532554,0.700652217493158,0.692915478992328,0.392164841872965,0.0567702854229495,15.0433660721696
0.464600067473834,0.887655203981934,0.738319262347144,0.306940276863196,0.0363916918392935,-0.0867329818691829,0.0259974774826599,1.25809985258575,0.932932737569898,1.0295225035305,1.02178576502967,0.721035127910309,0.385640571460293,0.328870286037343,14.7144957861322
0.912337054525931,0.763001112891141,0.331622127407194,0.0610735423832907,-0.0620511313251857,0.0506793280266571,1.28278170312975,0.957614588113895,1.0542043540745,1.04646761557367,0.745716978454306,0.41032242200429,0.353552136581341,0.0246818505439972,14.6898139355882
0.841316649916781,0.409937664432833,0.139389079408931,0.0162644057004542,0.128994865052297,1.36109724015539,1.03593012513953,1.13251989110014,1.12478315259931,0.824032515479946,0.48863795902993,0.43186767360698,0.102997387569637,0.0783155370256399,14.6114983985626
0.438701991628786,0.168153406604883,0.045028732896407,0.15775919224825,1.38986156735134,1.06469445233549,1.16128421829609,1.15354747979526,0.852796842675899,0.517402286225883,0.460632000802933,0.13176171476559,0.107079864221593,0.0287643271959528,14.5827340713666
0.796330212751778,0.673205539043302,0.785935998395145,2.01803837349824,1.69287125848238,1.78946102444299,1.78172428594216,1.48097364882279,1.14557909237278,1.08880880694983,0.759938520912485,0.735256670368488,0.656941133342848,0.628176806146895,13.9545572652198
-1.44183571138073,-1.32910525202888,-0.0970028769257922,-0.422169991941646,-0.325580225981042,-0.333316964481872,-0.634067601601235,-0.96946215805125,-1.0262324434742,-1.35510272951154,-1.37978458005554,-1.45810011708118,-1.48686444427713,-2.11504125042403,16.0695985156438
-1.07478292519205,0.157319449911041,-0.167847665104812,-0.071257899144209,-0.0789946376450388,-0.379745274764401,-0.715139831214417,-0.771910116637367,-1.10078040267471,-1.12546225321871,-1.20377779024435,-1.2325421174403,-1.86071892358719,0.254322326836833,15.8152761888069
0.268868165250813,-0.0562989497650399,0.0402908161955633,0.0325540776947335,-0.268196559424629,-0.603591115874645,-0.660361401297594,-0.989231687334938,-1.01391353787893,-1.09222907490457,-1.12099340210053,-1.74917020824742,0.365871042176606,0.111548715339772,15.7037274734672
0.248940572477824,0.345530338438428,0.337793599937598,0.0370429628182354,-0.29835159363178,-0.35512187905473,-0.683992165092073,-0.70867401563607,-0.78698955266171,-0.815753879857663,-1.44393068600456,0.67111056441947,0.416788237582637,0.305239522242864,15.3984879512243
0.853442611272099,0.845705872771269,0.544955235651907,0.209560679201891,0.152790393778941,-0.176079892258402,-0.200761742802399,-0.279077279828039,-0.307841607023992,-0.936018413170887,1.17902283725314,0.924700510416308,0.813151795076536,0.507912272833671,14.8905756783906
0.651729546443555,0.350978909324192,0.0155843528741766,-0.0411859325487729,-0.370056218586116,-0.394738069130113,-0.473053606155753,-0.501817933351706,-1.1299947394986,0.985046510925427,0.730724184088594,0.619175468748821,0.313935946505957,-0.193976326327714,15.0845520047184
0.403269723721861,0.0678751672718452,0.0111048818488957,-0.317765404188448,-0.342447254732445,-0.420762791758085,-0.449527118954038,-1.07770392510093,1.0373373253231,0.783014998486262,0.67146628314649,0.366226760903626,-0.141685511930046,0.0522908143976686,15.0322611903207
0.200660729584278,0.143890444161329,-0.184979841876014,-0.209661692420012,-0.287977229445652,-0.316741556641604,-0.944918362788499,1.17012288763553,0.915800560798695,0.804251845458923,0.499012323216059,-0.00889994961761253,0.185076376710102,0.132785562312433,14.8994756280083
0.410643311432269,0.0817730253949254,0.0570911748509282,-0.0212243621747117,-0.0499886893706645,-0.678165495517559,1.43687575490647,1.18255342806964,1.07100471272986,0.765765190486999,0.257852917653327,0.451829243981042,0.399538429583373,0.26675286727094,14.6327227607373
0.161295276274867,0.13661342573087,0.0582978887052299,0.0295335615092771,-0.598643244637618,1.51639800578641,1.26207567894958,1.1505269636098,0.84528744136694,0.337375168533269,0.531351494860983,0.479060680463315,0.346275118150881,0.0795222508799416,14.5532005098574
0.478114391472674,0.399798854447035,0.371034527251082,-0.257142278895813,1.85789897152821,1.60357664469138,1.49202792935161,1.18678840710874,0.678876134275074,0.872852460602788,0.820561646205119,0.687776083892686,0.421023216621746,0.341500965741805,14.2116995441156
0.169062725098245,0.140298397902292,-0.487878408244603,1.62716284217943,1.37284051534259,1.26129180000282,0.956052277759955,0.448140004926284,0.642116331253998,0.58982551685633,0.457039954543896,0.190287087272957,0.110764836393015,-0.23073612934879,14.4424356734644
-0.830043331427678,-1.45822013757457,0.656821112849455,0.402498786012622,0.290950070672849,-0.0142894515700149,-0.522201724403686,-0.328225398075972,-0.380516212473641,-0.513301774786074,-0.780054642057014,-0.859576892936955,-1.20107785867876,-0.97034172932997,15.4127774027943
-1.73137235792687,0.383668892497155,0.129346565660322,0.0177978503205498,-0.287441671922315,-0.795353944755986,-0.601377618428272,-0.65366843282594,-0.786453995138373,-1.05320686240931,-1.13272911328925,-1.47423007903106,-1.24349394968227,-0.2731522203523,15.6859296231466
0.266592778140669,0.0122704513038361,-0.0992782640359362,-0.404517786278801,-0.912430059112472,-0.718453732784758,-0.770744547182426,-0.903530109494859,-1.1702829767658,-1.24980522764574,-1.59130619338755,-1.36057006403876,-0.390228334708786,-0.117076114356486,15.8030057375031
0.670439451820158,0.558890736480386,0.253651214237522,-0.25426105859615,-0.0602847322684354,-0.112575546666104,-0.245361108978537,-0.512113976249477,-0.591636227129419,-0.933137192871223,-0.702401063522434,0.267940665807537,0.541092886159836,0.658169000516322,15.1448367369868
0.915393337308066,0.610153815065201,0.10224154223153,0.296217868559244,0.243927054161576,0.111141491849143,-0.155611375421797,-0.235133626301739,-0.576634592043543,-0.345898462694754,0.624443266635216,0.897595486987516,1.014671601344,0.35650260082768,14.7883341361591
0.871398105637017,0.363485832803345,0.55746215913106,0.505171344733391,0.372385782420958,0.105632915150018,0.0261106642700764,-0.315390301471728,-0.0846541721229386,0.885687557207032,1.15883977755933,1.27591589191582,0.617746891399495,0.261244290571815,14.5270898455873
0.616026666297351,0.810002992625066,0.757712178227397,0.624926615914964,0.358173748644024,0.278651497764082,-0.0628494679777223,0.167886661371067,1.13822839070104,1.41138061105334,1.52845672540982,0.870287724893501,0.513785124065821,0.252540833494006,14.2745490120933
0.829563487365997,0.777272672968328,0.644487110655895,0.377734243384955,0.298211992505014,-0.0432889732367912,0.187447156111999,1.15778888544197,1.43094110579427,1.54801722015075,0.889848219634432,0.533345618806752,0.272101328234937,0.0195604947409311,14.2549885173524
0.481934868811472,0.349149306499038,0.0823964392280985,0.00287418834815689,-0.338626777393648,-0.107890648044858,0.862451081285112,1.13560330163741,1.2526794159939,0.594510415477576,0.238007814649896,-0.0232364759219195,-0.275777309415925,-0.295337804156857,14.5503263215092
0.742721288752534,0.475968421481594,0.396446170601653,0.0549452048598482,0.285681334208638,1.25602306353861,1.52917528389091,1.64625139824739,0.988082397731072,0.631579796903392,0.370335506331577,0.117794672837571,0.0982341780966394,0.393571982253496,14.1567543392557
0.466594501505311,0.387072250625369,0.0455712848835645,0.276307414232354,1.24664914356232,1.51980136391462,1.63687747827111,0.978708477754788,0.622205876927108,0.360961586355293,0.108420752861287,0.0888602581203557,0.384198062277212,-0.00937391997628367,14.166128259232
0.401463481065582,0.0599625153237771,0.290698644672567,1.26104037400254,1.53419259435484,1.65126870871132,0.993099708195,0.63659710736732,0.375352816795505,0.122811983301499,0.103251488560568,0.398589292717425,0.00501731046392884,0.0143912304402125,14.1517370287918
13.3220940380035,13.5528301673523,14.5231718966822,14.7963241170345,14.913400231391,14.2552312308747,13.898728630047,13.6374843394752,13.3849435059812,13.3653830112403,13.6607208153971,13.2671488331436,13.2765227531199,13.2621315226797,0.889605506112084
13.7585961225265,14.7289378518564,15.0020900722087,15.1191661865652,14.4609971860489,14.1044945852212,13.8432502946494,13.5907094611554,13.5711489664145,13.8664867705713,13.4729147883178,13.4822887082941,13.4678974778539,0.205765955174179,0.683839550937905
14.906405966797,15.1795581871493,15.2966343015058,14.6384653009894,14.2819627001618,14.0207184095899,13.7681775760959,13.748617081355,14.0439548855119,13.6503829032584,13.6597568232347,13.6453655927944,0.383234070114738,0.177468114940559,0.506371435997346
15.2804801297551,15.3975562441116,14.7393872435953,14.3828846427676,14.1216403521958,13.8690995187018,13.8495390239608,14.1448768281177,13.7513048458642,13.7606787658405,13.7462875354003,0.484156012720568,0.278390057546388,0.10092194260583,0.405449493391516
15.6140088144879,14.9558398139715,14.5993372131438,14.338092922572,14.085552089078,14.0659915943371,14.361329398494,13.9677574162405,13.9771313362167,13.9627401057765,0.700608583096822,0.494842627922642,0.317374512982084,0.216452570376254,0.188996923015263
15.044253242213,14.6877506413853,14.4265063508135,14.1739655173195,14.1544050225786,14.4497428267354,14.0561708444819,14.0655447644582,14.051153534018,0.789022011338284,0.583256056164105,0.405787941223546,0.304865998617716,0.0884134282414624,0.1005834947738
15.0828298091051,14.8215855185333,14.5690446850393,14.5494841902984,14.8448219944552,14.4512500122017,14.460623932178,14.4462327017378,1.18410117905809,0.978335223883909,0.800867108943351,0.699945166337521,0.483492595961267,0.395079167719805,-0.294495672946004
14.8104610626315,14.5579202291375,14.5383597343966,14.8336975385534,14.4401255562999,14.4494994762762,14.435108245836,1.17297672315629,0.967210767982106,0.789742653041548,0.688820710435718,0.472368140059464,0.383954711818002,-0.0111244559018032,-0.283371217044201
14.7082297446788,14.6886692499379,14.9840070540947,14.5904350718412,14.5998089918175,14.5854177613773,1.32328623869758,1.1175202835234,0.940052168582838,0.839130225977008,0.622677655600754,0.534264227359291,0.139185059639487,0.15030951554129,-0.433680732585491
14.7369723615691,15.032310165726,14.6387381834725,14.6481121034488,14.6337208730086,1.37158935032885,1.16582339515467,0.98835528021411,0.88743333760828,0.670980767232026,0.582567338990564,0.187488171270759,0.198612627172562,0.0483031116312721,-0.481983844216763
15.1544147410824,14.7608427588289,14.7702166788052,14.755825448365,1.4936939256853,1.28792797051112,1.11045985557056,1.00953791296473,0.793085342588477,0.704671914347015,0.30959274662721,0.320717202529013,0.170407686987723,0.122104575356451,-0.604088419573215
14.8339808820883,14.8433548020645,14.8289635716243,1.56683204894463,1.36106609377045,1.18359797882989,1.08267603622406,0.866223465847807,0.777810037606344,0.382730869886539,0.393855325788343,0.243545810247053,0.195242698615781,0.0731381232593293,-0.677226542832544
13.2765227531199,13.2621315226797,-3.33066907387547e-16,-0.20576595517418,-0.383234070114738,-0.484156012720568,-0.700608583096822,-0.789022011338284,-1.18410117905809,-1.17297672315629,-1.32328623869758,-1.37158935032885,-1.4936939256853,-1.56683204894463,0.889605506112085
13.4678974778539,0.205765955174179,1.11022302462516e-16,-0.177468114940558,-0.278390057546388,-0.494842627922642,-0.583256056164105,-0.978335223883909,-0.967210767982106,-1.1175202835234,-1.16582339515467,-1.28792797051112,-1.36106609377045,0.20576595517418,0.683839550937905
0.383234070114738,0.177468114940559,0,-0.10092194260583,-0.317374512982084,-0.405787941223546,-0.800867108943351,-0.789742653041548,-0.940052168582838,-0.98835528021411,-1.11045985557056,-1.18359797882989,0.383234070114738,0.177468114940558,0.506371435997346
0.278390057546389,0.10092194260583,5.55111512312578e-17,-0.216452570376254,-0.304865998617716,-0.699945166337521,-0.688820710435718,-0.839130225977008,-0.88743333760828,-1.00953791296473,-1.08267603622406,0.484156012720568,0.278390057546388,0.10092194260583,0.405449493391516
0.317374512982084,0.216452570376254,-1.11022302462516e-16,-0.0884134282414625,-0.483492595961267,-0.472368140059464,-0.622677655600754,-0.670980767232026,-0.793085342588477,-0.866223465847807,0.700608583096822,0.494842627922642,0.317374512982084,0.216452570376254,0.188996923015263
0.304865998617716,0.0884134282414624,2.77555756156289e-17,-0.395079167719805,-0.383954711818001,-0.534264227359291,-0.582567338990564,-0.704671914347015,-0.777810037606344,0.789022011338284,0.583256056164105,0.405787941223546,0.304865998617716,0.0884134282414625,0.1005834947738
0.483492595961267,0.395079167719805,0,0.0111244559018032,-0.139185059639487,-0.187488171270759,-0.30959274662721,-0.382730869886539,1.18410117905809,0.978335223883909,0.800867108943351,0.699945166337521,0.483492595961267,0.395079167719805,-0.294495672946004
0.383954711818002,-0.0111244559018032,0,-0.15030951554129,-0.198612627172562,-0.320717202529013,-0.393855325788343,1.17297672315629,0.967210767982106,0.789742653041548,0.688820710435718,0.472368140059464,0.383954711818001,-0.0111244559018032,-0.283371217044201
0.139185059639487,0.15030951554129,-5.55111512312578e-17,-0.0483031116312722,-0.170407686987723,-0.243545810247053,1.32328623869758,1.1175202835234,0.940052168582838,0.839130225977008,0.622677655600754,0.534264227359291,0.139185059639487,0.15030951554129,-0.433680732585491
0.198612627172562,0.0483031116312721,0,-0.122104575356451,-0.195242698615781,1.37158935032885,1.16582339515467,0.98835528021411,0.88743333760828,0.670980767232026,0.582567338990564,0.187488171270759,0.198612627172562,0.0483031116312722,-0.481983844216763
0.170407686987723,0.122104575356451,0,-0.0731381232593293,1.4936939256853,1.28792797051112,1.11045985557056,1.00953791296473,0.793085342588477,0.704671914347015,0.30959274662721,0.320717202529013,0.170407686987723,0.122104575356451,-0.604088419573215
0.195242698615781,0.0731381232593293,0,1.56683204894463,1.36106609377045,1.18359797882989,1.08267603622406,0.866223465847807,0.777810037606344,0.382730869886539,0.393855325788343,0.243545810247053,0.195242698615781,0.0731381232593293,-0.677226542832544
-1.4936939256853,-1.56683204894463,0,-0.20576595517418,-0.383234070114738,-0.484156012720568,-0.700608583096822,-0.789022011338284,-1.18410117905809,-1.17297672315629,-1.32328623869758,-1.37158935032885,-1.4936939256853,-1.56683204894463,0.889605506112085
-1.36106609377045,0.20576595517418,0,-0.177468114940558,-0.278390057546388,-0.494842627922642,-0.583256056164105,-0.978335223883909,-0.967210767982106,-1.1175202835234,-1.16582339515467,-1.28792797051112,-1.36106609377045,0.20576595517418,0.683839550937905
0.383234070114738,0.177468114940558,0,-0.10092194260583,-0.317374512982084,-0.405787941223546,-0.800867108943351,-0.789742653041548,-0.940052168582838,-0.98835528021411,-1.11045985557056,-1.18359797882989,0.383234070114738,0.177468114940558,0.506371435997346
0.278390057546388,0.10092194260583,-5.55111512312578e-17,-0.216452570376254,-0.304865998617716,-0.699945166337521,-0.688820710435718,-0.839130225977008,-0.88743333760828,-1.00953791296473,-1.08267603622406,0.484156012720568,0.278390057546388,0.10092194260583,0.405449493391516
0.317374512982084,0.216452570376254,2.77555756156289e-17,-0.0884134282414625,-0.483492595961267,-0.472368140059464,-0.622677655600754,-0.670980767232026,-0.793085342588477,-0.866223465847807,0.700608583096822,0.494842627922642,0.317374512982084,0.216452570376254,0.188996923015263
0.304865998617716,0.0884134282414625,0,-0.395079167719805,-0.383954711818001,-0.534264227359291,-0.582567338990564,-0.704671914347015,-0.777810037606344,0.789022011338284,0.583256056164105,0.405787941223546,0.304865998617716,0.0884134282414625,0.1005834947738
0.483492595961267,0.395079167719805,0,0.0111244559018032,-0.139185059639487,-0.187488171270759,-0.30959274662721,-0.382730869886539,1.18410117905809,0.978335223883909,0.800867108943351,0.699945166337521,0.483492595961267,0.395079167719805,-0.294495672946004
0.383954711818001,-0.0111244559018032,0,-0.15030951554129,-0.198612627172562,-0.320717202529013,-0.393855325788343,1.17297672315629,0.967210767982106,0.789742653041548,0.688820710435718,0.472368140059464,0.383954711818001,-0.0111244559018032,-0.283371217044201
0.139185059639487,0.15030951554129,0,-0.0483031116312722,-0.170407686987723,-0.243545810247053,1.32328623869758,1.1175202835234,0.940052168582838,0.839130225977008,0.622677655600754,0.534264227359291,0.139185059639487,0.15030951554129,-0.433680732585491
0.198612627172562,0.0483031116312722,0,-0.122104575356451,-0.195242698615781,1.37158935032885,1.16582339515467,0.98835528021411,0.88743333760828,0.670980767232026,0.582567338990564,0.187488171270759,0.198612627172562,0.0483031116312722,-0.481983844216763
0.170407686987723,0.122104575356451,0,-0.0731381232593293,1.4936939256853,1.28792797051112,1.11045985557056,1.00953791296473,0.793085342588477,0.704671914347015,0.30959274662721,0.320717202529013,0.170407686987723,0.122104575356451,-0.604088419573215
0.195242698615781,0.0731381232593293,0,1.56683204894463,1.36106609377045,1.18359797882989,1.08267603622406,0.866223465847807,0.777810037606344,0.382730869886539,0.393855325788343,0.243545810247053,0.195242698615781,0.0731381232593293,-0.677226542832544
-1.4936939256853,-1.56683204894463,0,-0.20576595517418,-0.383234070114738,-0.484156012720568,-0.700608583096822,-0.789022011338284,-1.18410117905809,-1.17297672315629,-1.32328623869758,-1.37158935032885,-1.4936939256853,-1.56683204894463,0.889605506112085
-1.36106609377045,0.20576595517418,0,-0.177468114940558,-0.278390057546388,-0.494842627922642,-0.583256056164105,-0.978335223883909,-0.967210767982106,-1.1175202835234,-1.16582339515467,-1.28792797051112,-1.36106609377045,0.20576595517418,0.683839550937905
0.383234070114738,0.177468114940558,0,-0.10092194260583,-0.317374512982084,-0.405787941223546,-0.800867108943351,-0.789742653041548,-0.940052168582838,-0.98835528021411,-1.11045985557056,-1.18359797882989,0.383234070114738,0.177468114940558,0.506371435997346
0.278390057546388,0.10092194260583,5.55111512312578e-17,-0.216452570376254,-0.304865998617716,-0.699945166337521,-0.688820710435718,-0.839130225977008,-0.88743333760828,-1.00953791296473,-1.08267603622406,0.484156012720568,0.278390057546388,0.10092194260583,0.405449493391516
-1.21696675310449,-1.80956390610496,-0.66758587378539,-1.31516189332679,-1.21373171474925,-1.13915642741882,-0.756841972589923,-1.07446994181506,0.554327877764045,0.493514300339339,0.529296725019782,0.566249858119617,0.313793886013206,0.218910556739448,14.969127080026
-1.63330256930465,-0.491324536985084,-1.13890055652649,-1.03747037794894,-0.962895090618519,-0.580580635789618,-0.898208605014757,0.73058921456435,0.669775637139644,0.705558061820087,0.742511194919922,0.490055222813512,0.395171893539754,0.176261336800305,14.7928657432257
-0.774936581401137,-1.42251260094254,-1.321082422365,-1.24650713503457,-0.864192680205671,-1.18182064943081,0.446977170148298,0.386163592723591,0.421946017404034,0.45889915050387,0.206443178397459,0.111559849123701,-0.107350707615748,-0.283612044416053,15.0764777876417
-1.24781231176954,-1.146382133192,-1.07180684586157,-0.689492391032671,-1.00712036025781,0.621677459321297,0.560863881896591,0.596646306577034,0.633599439676869,0.381143467570459,0.286260138296701,0.0673495815572522,-0.108911755243053,0.174700289173,14.9017774984687
-1.04144668190226,-0.966871394571839,-0.584556939742939,-0.902184908968078,0.72661291061103,0.665799333186323,0.701581757866766,0.738534890966601,0.486078918860191,0.391195589586433,0.172285032846984,-0.00397630395332094,0.279635740462732,0.104935451289732,14.796842047179
-0.703540226105851,-0.32122577127695,-0.638853740502089,0.989944079077018,0.929130501652311,0.964912926332754,1.00186605943259,0.749410087326179,0.654526758052421,0.435616201312973,0.259354864512668,0.542966908928721,0.368266619755721,0.263331168465989,14.533510878713
-2.05491369042101,-2.37254165964615,-0.74374384006704,-0.804557417491747,-0.768774992811304,-0.731821859711468,-0.984277831817879,-1.07916116109164,-1.29807171783109,-1.47433305463139,-1.19072101021534,-1.36542129938834,-1.47035675067807,-1.73368791914406,16.2671987978571
-2.18839855455873,-0.559600734979618,-0.620414312404325,-0.584631887723882,-0.547678754624046,-0.800134726730457,-0.895018056004215,-1.11392861274366,-1.29018994954397,-1.00657790512792,-1.18127819430092,-1.28621364559065,-1.54954481405664,0.184143105087422,16.0830556927696
-0.461150090199725,-0.521963667624432,-0.486181242943989,-0.449228109844153,-0.701684081950564,-0.796567411224322,-1.01547796796377,-1.19173930476408,-0.908127260348023,-1.08282754952102,-1.18776300081075,-1.45109416927674,0.282593749867315,0.0984506447798932,15.9846050479897
-0.334857930112472,-0.299075505432029,-0.262122372332193,-0.514578344438604,-0.609461673712362,-0.82837223045181,-1.00463356725212,-0.721021522836063,-0.895721812009063,-1.00065726329879,-1.26398843176478,0.469699487379275,0.285556382291853,0.18710573751196,15.7974993104778
-0.121308760494484,-0.0843556273946486,-0.336811599501059,-0.431694928774817,-0.650605485514266,-0.826866822314571,-0.543254777898518,-0.717955067071518,-0.82289051836125,-1.08622168682724,0.64746623231682,0.463323127229398,0.364872482449504,0.177766744937545,15.6197325655402
-0.0656239785539317,-0.318079950660342,-0.4129632799341,-0.631873836673549,-0.808135173473854,-0.524523129057801,-0.699223418230801,-0.804158869520533,-1.06749003798652,0.666197881157537,0.482054776070115,0.383604131290221,0.196498393778262,0.018731648840717,15.6010009166995
0.0218659210691747,-0.0730174082045831,-0.291927964944032,-0.468189301744337,-0.184577257328284,-0.359277546501284,-0.464212997791016,-0.727544166257005,1.00614375288705,0.822000647799632,0.723550003019739,0.536444265507779,0.358677520570234,0.339945871729517,15.26105504497
-0.158146647856945,-0.377057204596394,-0.553318541396699,-0.269706496980646,-0.444406786153646,-0.549342237443378,-0.812673405909367,0.921014513234692,0.73687140814727,0.638420763367376,0.451315025855417,0.273548280917872,0.254816632077155,-0.0851292396523622,15.3461842846224
-0.0717182713271818,-0.247979608127487,0.0356324362885658,-0.139067852884434,-0.244003304174166,-0.507334472640155,1.2263534465039,1.04221034141648,0.943759696636588,0.756653959124629,0.578887214187084,0.560155565346367,0.22020969361685,0.305338933269212,15.0408453513531
-0.151910567328446,0.131701477087606,-0.0429988120853935,-0.147934263375125,-0.411265431841114,1.32242248730294,1.13827938221552,1.03982873743563,0.852722999923669,0.674956254986125,0.656224606145408,0.31627873441589,0.401407974068253,0.0960690407990406,14.9447763105541
0.322162386702676,0.147462097529676,0.0425266462399438,-0.220804522226045,1.51288339691801,1.32874029183059,1.2302896470507,1.04318390953874,0.865417164601194,0.846685515760477,0.50673964403096,0.591868883683322,0.28652995041411,0.190460909615069,14.754315400939
-0.0260197552322072,-0.130955206521939,-0.394286374987928,1.33940154415613,1.15525843906871,1.05680779428882,0.869702056776855,0.691935311839311,0.673203662998594,0.333257791269077,0.418387030921439,0.113048097652227,0.0169790568531862,-0.173481852761883,14.9277972537009
-1.61171200026424,-1.87504316873022,-0.141355249586166,-0.325498354673588,-0.423948999453481,-0.611054736965441,-0.788821481902986,-0.807553130743702,-1.14749900247322,-1.06236976282086,-1.36770869609007,-1.46377773688911,-1.65423864650418,-1.4807567937423,16.4085540474432
-1.81994835893834,-0.0862604397942803,-0.270403544881702,-0.368854189661596,-0.555959927173555,-0.7337266721111,-0.752458320951817,-1.09240419268133,-1.00727495302897,-1.31261388629818,-1.40868292709722,-1.59914383671229,-1.42566198395041,0.0550948097918855,16.3534592376513
0.209747338606793,0.0256042335193705,-0.0728464112605227,-0.259952148772483,-0.437718893710027,-0.456450542550744,-0.796396414280261,-0.711267174627899,-1.01660610789711,-1.11267514869615,-1.30313605831122,-1.12965420554934,0.351102588192958,0.296007778401073,16.0574514592503
0.0397029793416941,-0.0587476654381991,-0.245853402950159,-0.423620147887704,-0.442351796728421,-0.782297668457938,-0.697168428805576,-1.00250736207479,-1.09857640287383,-1.2890373124889,-1.11555545972701,0.365201334015282,0.310106524223396,0.0140987458223236,16.0433527134279
0.280718565204758,0.0936128276927981,-0.0841539172447465,-0.102885566085464,-0.442831437814981,-0.357702198162619,-0.663041131431831,-0.759110172230871,-0.94957108184594,-0.776089229084057,0.704667564658239,0.649572754866353,0.353564976465281,0.339466230642957,15.703886482785
0.0356878247947314,-0.142078920142813,-0.16081056898353,-0.500756440713047,-0.415627201060685,-0.720966134329897,-0.817035175128938,-1.00749608474401,-0.834014231982124,0.646742561760172,0.591647751968287,0.295639973567214,0.28154122774489,-0.0579250028980667,15.761811485683
0.229712107394185,0.210980458553468,-0.128965413176049,-0.0438361735236867,-0.349175106792899,-0.445244147591939,-0.635705057207009,-0.462223204445126,1.01853358929717,0.963438779505285,0.667431001104212,0.653332255281889,0.313866024638932,0.371791027536998,15.390020458146
0.220192749807918,-0.119753121921599,-0.0346238822692371,-0.339962815538449,-0.43603185633749,-0.626492765952559,-0.453010913190676,1.02774588055162,0.972651070759735,0.676643292358662,0.662544546536338,0.323078315893381,0.381003318791448,0.00921229125444967,15.3808081668916
0.0785344123044069,0.163663651956769,-0.141675281312443,-0.237744322111483,-0.428205231726553,-0.25472337896467,1.22603341477763,1.17093860498574,0.874930826584668,0.860832080762345,0.521365850119388,0.579290853017454,0.207499825480456,0.198287534226006,15.1825206326656
0.281042817775271,-0.0242961154939412,-0.120365156292982,-0.310826065908051,-0.137344213146168,1.34341258059613,1.28831777080424,0.99230999240317,0.978211246580846,0.638745015937889,0.696670018835956,0.324878991298958,0.315666700044508,0.117379165818502,15.0651414668471
0.207812915464485,0.111743874665445,-0.0787170349496247,0.0947648178122584,1.57552161155455,1.52042680176267,1.2244190233616,1.21032027753927,0.870854046896316,0.928779049794382,0.556988022257384,0.547775731002934,0.349488196776928,0.232109030958426,14.8330324358887
0.0646432282198734,-0.125817681395196,0.0476641713666872,1.52842096510898,1.4733261553171,1.17731837691603,1.1632196310937,0.823753400450745,0.881678403348811,0.509887375811813,0.500675084557363,0.302387550331357,0.185008384512855,-0.0471006464455712,14.8801330823342
-1.61943707120714,-1.44595521844525,0.0348015752970419,-0.0202932344948437,-0.316301012895917,-0.33039975871824,-0.669865989361197,-0.61194098646313,-0.983732014000129,-0.992944305254579,-1.19123183948058,-1.30861100529909,-1.54072003625751,-1.49361938981194,16.3737524721462
-1.14728337788369,0.333473415858602,0.278378606066717,-0.017629172334356,-0.0317279181566796,-0.371194148799637,-0.31326914590157,-0.685060173438568,-0.694272464693018,-0.892559998919024,-1.00993916473753,-1.24204819569595,-1.19494754925038,0.29867184056156,16.0750806315846
0.31915137319562,0.264056563403734,-0.0319512149973384,-0.0460499608196621,-0.385516191462619,-0.327591188564552,-0.699382216101551,-0.708594507356,-0.906882041582007,-1.02426120740051,-1.25637023835893,-1.20926959191336,0.284349797898578,-0.0143220426629824,16.0894026742476
0.470437101681224,0.174429323280151,0.160330577457827,-0.17913565318513,-0.121210650287063,-0.493001677824061,-0.502213969078511,-0.700501503304517,-0.817880669123019,-1.04998970008145,-1.00288905363587,0.490730336176068,0.192058495614507,0.206380538277489,15.8830221359701
0.771008564933615,0.756909819111291,0.417443588468334,0.475368591366401,0.103577563829402,0.0943652725749526,-0.103922261651054,-0.221301427469555,-0.453410458427982,-0.40630981198241,1.08730957782953,0.788637737267971,0.802959779930953,0.596579241653464,15.2864428943166
0.634019795720109,0.294553565077152,0.352478567975218,-0.01931245956178,-0.0285247508162296,-0.226812285042236,-0.344191450860738,-0.576300481819164,-0.529199835373593,0.964419554438349,0.665747713876788,0.680069756539771,0.473689218262281,-0.122890023391182,15.4093329177078
0.648451725439672,0.706376728337739,0.334585700800741,0.325373409546291,0.127085875320285,0.0097067095017831,-0.222402321456643,-0.175301675011072,1.31831771480087,1.01964587423931,1.03396791690229,0.827587378624802,0.231008136971338,0.353898160362521,15.0554347573453
0.707316639908827,0.335525612371828,0.326313321117379,0.128025786891373,0.0106466210728708,-0.221462409885556,-0.174361763439984,1.31925762637196,1.0205857858104,1.03490782847338,0.82852729019589,0.231948048542426,0.354838071933608,0.000939911571087748,15.0544948457742
0.594743722702198,0.585531431447748,0.387243897221742,0.26986473140324,0.0377557004448139,0.0848563468903851,1.57847573670233,1.27980389614077,1.29412593880375,1.08774540052626,0.491166158872796,0.614056182263978,0.260158021901457,0.259218110330369,14.7952767354438
0.589474042124083,0.391186507898077,0.273807342079575,0.0416983111211486,0.0887989575667198,1.58241834737866,1.2837465068171,1.29806854948008,1.09168801120259,0.49510876954913,0.617998792940313,0.264100632577792,0.263160721006704,0.00394261067633472,14.7913341247675
0.616345518271331,0.498966352452829,0.266857321494403,0.313957967939974,1.80757735775192,1.50890551719035,1.52322755985334,1.31684702157585,0.720267779922384,0.843157803313566,0.489259642951046,0.488319731379958,0.229101621049589,0.225159010373254,14.5661751143943
0.609886339186579,0.377777308228152,0.424877954673724,1.91849734448567,1.6198255039241,1.63414754658709,1.4277670083096,0.831187766656134,0.954077790047316,0.600179629684796,0.599239718113708,0.340021607783338,0.336078997107004,0.11091998673375,14.4552551276605
13.9880387488579,14.0351393953034,15.5287587851154,15.2300869445538,15.2444089872168,15.0380284489393,14.4414492072858,14.564339230677,14.2104410703145,14.2095011587434,13.950283048413,13.9463404377367,13.7211814273635,13.6102614406297,0.84499368703081
14.1400011560987,15.6336205459106,15.334948705349,15.349270748012,15.1428902097345,14.5463109680811,14.6692009914723,14.3153028311097,14.3143629195387,14.0551448092083,14.0512021985319,13.8260431881587,13.7151232014249,0.104861760795242,0.740131926235568
15.789356175855,15.4906843352934,15.5050063779564,15.2986258396789,14.7020465980254,14.8249366214166,14.4710384610541,14.470098549483,14.2108804391526,14.2069378284763,13.9817788181031,13.8708588313693,0.260597390739602,0.15573562994436,0.584396296291208
15.6621187541971,15.6764407968601,15.4700602585826,14.8734810169292,14.9963710403204,14.6424728799578,14.6415329683867,14.3823148580564,14.37837224738,14.1532132370068,14.042293250273,0.432031809643335,0.327170048848093,0.171434418903733,0.412961877387475
15.9274783349672,15.7210977966897,15.1245185550363,15.2474085784275,14.8935104180649,14.8925705064939,14.6333523961635,14.6294097854871,14.4042507751139,14.2933307883801,0.683069347750441,0.578207586955199,0.422471957010839,0.251037538107106,0.161924339280369
15.8647565505697,15.2681773089163,15.3910673323074,15.0371691719449,15.0362292603738,14.7770111500435,14.7730685393671,14.5479095289939,14.4369895422601,0.826728101630421,0.721866340835179,0.566130710890819,0.394696291987086,0.14365875387998,0.0182655854003891
15.5075422102357,15.6304322336269,15.2765340732644,15.2755941616933,15.0163760513629,15.0124334406866,14.7872744303133,14.6763544435796,1.06609300294988,0.961231242154637,0.805495612210277,0.634061193306544,0.383023655199438,0.239364901319458,-0.221099315919069
15.6671035045498,15.3132053441872,15.3122654326161,15.0530473222858,15.0491047116094,14.8239457012362,14.7130257145024,1.10276427387273,0.997902513077493,0.842166883133132,0.670732464229399,0.419694926122293,0.276036172242314,0.0366712709228553,-0.257770586841924
15.4426404584015,15.4417005468304,15.1824824365001,15.1785398258237,14.9533808154505,14.8424608287167,1.23219938808702,1.12733762729178,0.971601997347419,0.800167578443686,0.54913004033658,0.4054712864566,0.166106385137142,0.129435114214287,-0.387205701056211
15.5718575825159,15.3126394721855,15.3086968615092,15.0835378511359,14.9726178644022,1.36235642377248,1.25749466297724,1.10175903303288,0.93032461412915,0.679287076022044,0.535628322142064,0.296263420822606,0.25959214989975,0.130157035685464,-0.517362736741675
15.4295876708078,15.4256450601315,15.2004860497582,15.0895660630245,1.47930462239478,1.37444286159954,1.21870723165518,1.04727281275145,0.796235274644341,0.652576520764361,0.413211619444903,0.376540348522047,0.247105234307761,0.116948198622297,-0.634310935363972
15.5362585960737,15.3110995857005,15.2001795989667,1.58991815833702,1.48505639754178,1.32932076759742,1.15788634869369,0.906848810586581,0.763190056706601,0.523825155387143,0.487153884464288,0.357718770250001,0.227561734564537,0.11061353594224,-0.744924471306212
13.7211814273635,13.6102614406297,2.22044604925031e-16,-0.104861760795241,-0.260597390739602,-0.432031809643335,-0.683069347750441,-0.82672810163042,-1.06609300294988,-1.10276427387273,-1.23219938808702,-1.36235642377248,-1.47930462239478,-1.58991815833702,0.844993687030809
13.7151232014249,0.104861760795241,-2.22044604925031e-16,-0.15573562994436,-0.327170048848094,-0.5782075869552,-0.721866340835179,-0.961231242154638,-0.997902513077493,-1.12733762729178,-1.25749466297724,-1.37444286159954,-1.48505639754178,0.104861760795241,0.740131926235568
0.260597390739602,0.15573562994436,0,-0.171434418903733,-0.422471957010839,-0.566130710890819,-0.805495612210277,-0.842166883133132,-0.971601997347419,-1.10175903303288,-1.21870723165518,-1.32932076759742,0.260597390739602,0.15573562994436,0.584396296291208
0.327170048848093,0.171434418903733,1.11022302462516e-16,-0.251037538107106,-0.394696291987086,-0.634061193306544,-0.670732464229399,-0.800167578443686,-0.93032461412915,-1.04727281275145,-1.15788634869369,0.432031809643335,0.327170048848094,0.171434418903733,0.412961877387475
0.422471957010839,0.251037538107106,-5.55111512312578e-17,-0.14365875387998,-0.383023655199438,-0.419694926122293,-0.54913004033658,-0.679287076022044,-0.796235274644341,-0.906848810586581,0.683069347750441,0.5782075869552,0.422471957010839,0.251037538107106,0.161924339280369
0.394696291987086,0.14365875387998,-3.46944695195361e-18,-0.239364901319458,-0.276036172242314,-0.4054712864566,-0.535628322142064,-0.652576520764361,-0.763190056706601,0.82672810163042,0.721866340835179,0.566130710890819,0.394696291987086,0.14365875387998,0.0182655854003891
0.383023655199438,0.239364901319458,-2.77555756156289e-17,-0.0366712709228553,-0.166106385137142,-0.296263420822606,-0.413211619444903,-0.523825155387143,1.06609300294988,0.961231242154638,0.805495612210277,0.634061193306544,0.383023655199438,0.239364901319458,-0.221099315919069
0.276036172242314,0.0366712709228553,0,-0.129435114214287,-0.25959214989975,-0.376540348522047,-0.487153884464288,1.10276427387273,0.997902513077493,0.842166883133132,0.670732464229399,0.419694926122293,0.276036172242314,0.0366712709228553,-0.257770586841924
0.166106385137142,0.129435114214287,0,-0.130157035685464,-0.247105234307761,-0.357718770250001,1.23219938808702,1.12733762729178,0.971601997347419,0.800167578443686,0.54913004033658,0.4054712864566,0.166106385137142,0.129435114214287,-0.387205701056211
0.25959214989975,0.130157035685464,0,-0.116948198622297,-0.227561734564537,1.36235642377248,1.25749466297724,1.10175903303288,0.93032461412915,0.679287076022044,0.535628322142064,0.296263420822606,0.25959214989975,0.130157035685464,-0.517362736741675
0.247105234307761,0.116948198622297,0,-0.11061353594224,1.47930462239478,1.37444286159954,1.21870723165518,1.04727281275145,0.796235274644341,0.652576520764361,0.413211619444903,0.376540348522047,0.247105234307761,0.116948198622297,-0.634310935363972
0.227561734564537,0.11061353594224,0,1.58991815833702,1.48505639754178,1.32932076759742,1.15788634869369,0.906848810586581,0.763190056706601,0.523825155387143,0.487153884464288,0.357718770250001,0.227561734564537,0.11061353594224,-0.744924471306212
-1.47930462239478,-1.58991815833702,0,-0.104861760795241,-0.260597390739602,-0.432031809643335,-0.683069347750441,-0.82672810163042,-1.06609300294988,-1.10276427387273,-1.23219938808702,-1.36235642377248,-1.47930462239478,-1.58991815833702,0.844993687030809
-1.48505639754178,0.104861760795241,0,-0.15573562994436,-0.327170048848094,-0.5782075869552,-0.721866340835179,-0.961231242154638,-0.997902513077493,-1.12733762729178,-1.25749466297724,-1.37444286159954,-1.48505639754178,0.104861760795241,0.740131926235568
0.260597390739602,0.15573562994436,0,-0.171434418903733,-0.422471957010839,-0.566130710890819,-0.805495612210277,-0.842166883133132,-0.971601997347419,-1.10175903303288,-1.21870723165518,-1.32932076759742,0.260597390739602,0.15573562994436,0.584396296291208
0.327170048848094,0.171434418903733,0,-0.251037538107106,-0.394696291987086,-0.634061193306544,-0.670732464229399,-0.800167578443686,-0.93032461412915,-1.04727281275145,-1.15788634869369,0.432031809643335,0.327170048848094,0.171434418903733,0.412961877387475
0.422471957010839,0.251037538107106,0,-0.14365875387998,-0.383023655199438,-0.419694926122293,-0.54913004033658,-0.679287076022044,-0.796235274644341,-0.906848810586581,0.683069347750441,0.5782075869552,0.422471957010839,0.251037538107106,0.161924339280369
0.394696291987086,0.14365875387998,0,-0.239364901319458,-0.276036172242314,-0.4054712864566,-0.535628322142064,-0.652576520764361,-0.763190056706601,0.82672810163042,0.721866340835179,0.566130710890819,0.394696291987086,0.14365875387998,0.0182655854003891
0.383023655199438,0.239364901319458,0,-0.0366712709228553,-0.166106385137142,-0.296263420822606,-0.413211619444903,-0.523825155387143,1.06609300294988,0.961231242154638,0.805495612210277,0.634061193306544,0.383023655199438,0.239364901319458,-0.221099315919069
0.276036172242314,0.0366712709228553,0,-0.129435114214287,-0.25959214989975,-0.376540348522047,-0.487153884464288,1.10276427387273,0.997902513077493,0.842166883133132,0.670732464229399,0.419694926122293,0.276036172242314,0.0366712709228553,-0.257770586841924
0.166106385137142,0.129435114214287,5.55111512312578e-17,-0.130157035685464,-0.247105234307761,-0.357718770250001,1.23219938808702,1.12733762729178,0.971601997347419,0.800167578443686,0.54913004033658,0.4054712864566,0.166106385137142,0.129435114214287,-0.387205701056211
0.25959214989975,0.130157035685464,0,-0.116948198622297,-0.227561734564537,1.36235642377248,1.25749466297724,1.10175903303288,0.93032461412915,0.679287076022044,0.535628322142064,0.296263420822606,0.25959214989975,0.130157035685464,-0.517362736741675
0.247105234307761,0.116948198622297,0,-0.11061353594224,1.47930462239478,1.37444286159954,1.21870723165518,1.04727281275145,0.796235274644341,0.652576520764361,0.413211619444903,0.376540348522047,0.247105234307761,0.116948198622297,-0.634310935363972
0.227561734564537,0.11061353594224,0,1.58991815833702,1.48505639754178,1.32932076759742,1.15788634869369,0.906848810586581,0.763190056706601,0.523825155387143,0.487153884464288,0.357718770250001,0.227561734564537,0.11061353594224,-0.744924471306212
-1.47930462239478,-1.58991815833702,0,-0.104861760795241,-0.260597390739602,-0.432031809643335,-0.683069347750441,-0.82672810163042,-1.06609300294988,-1.10276427387273,-1.23219938808702,-1.36235642377248,-1.47930462239478,-1.58991815833702,0.844993687030809
-1.48505639754178,0.104861760795241,0,-0.15573562994436,-0.327170048848094,-0.5782075869552,-0.721866340835179,-0.961231242154638,-0.997902513077493,-1.12733762729178,-1.25749466297724,-1.37444286159954,-1.48505639754178,0.104861760795241,0.740131926235568
0.260597390739602,0.15573562994436,0,-0.171434418903733,-0.422471957010839,-0.566130710890819,-0.805495612210277,-0.842166883133132,-0.971601997347419,-1.10175903303288,-1.21870723165518,-1.32932076759742,0.260597390739602,0.15573562994436,0.584396296291208
0.327170048848094,0.171434418903733,0,-0.251037538107106,-0.394696291987086,-0.634061193306544,-0.670732464229399,-0.800167578443686,-0.93032461412915,-1.04727281275145,-1.15788634869369,0.432031809643335,0.327170048848094,0.171434418903733,0.412961877387475
